22,540 ; 22,510 ; 22,496 ; 22,423 ; 22,389 ; 22,368 ; 22,321 ; 22,254 ; 22,222 ; 22,190 ; 22,125 ; 22,083 ; 22,057 ; 22,012 ; 21,966 ; 21,929 ; 21,878 ; 21,807 ; 21,764 ; 21,732 ; 21,679 ; 21,646 ; 21,621 ; 21,571 ; 21,523 ; 21,489 ; 21,446 ; 21,419 ; 21,432 ; 21,700 ; 21,791 ; 21,813 ; 21,789 ; 21,780 ; 21,715 ; 21,657 ; 21,627 ; 21,565 ; 21,552 ; 21,521 ; 21,445 ; 21,407 ; 21,378 ; 21,340 ; 21,308 ; 21,267 ; 21,222 ; 21,205 ; 21,131 ; 21,102 ; 
22,864 ; 22,858 ; 22,811 ; 22,780 ; 22,726 ; 22,686 ; 22,652 ; 22,596 ; 22,538 ; 22,492 ; 22,461 ; 22,389 ; 22,351 ; 22,287 ; 22,263 ; 22,221 ; 22,169 ; 22,118 ; 22,148 ; 22,339 ; 22,480 ; 22,471 ; 22,448 ; 22,405 ; 22,377 ; 22,291 ; 22,266 ; 22,239 ; 22,163 ; 22,141 ; 22,073 ; 22,032 ; 21,988 ; 21,953 ; 21,901 ; 21,864 ; 21,820 ; 21,760 ; 21,739 ; 21,697 ; 21,620 ; 21,581 ; 21,558 ; 21,494 ; 21,461 ; 21,418 ; 21,370 ; 21,347 ; 21,307 ; 21,256 ; 
22,989 ; 22,939 ; 22,946 ; 22,900 ; 22,853 ; 22,808 ; 22,765 ; 22,724 ; 22,712 ; 22,858 ; 23,054 ; 23,061 ; 23,053 ; 23,007 ; 22,969 ; 22,922 ; 22,847 ; 22,805 ; 22,778 ; 22,731 ; 22,680 ; 22,627 ; 22,572 ; 22,515 ; 22,469 ; 22,435 ; 22,362 ; 22,343 ; 22,263 ; 22,216 ; 22,168 ; 22,140 ; 22,079 ; 22,039 ; 22,014 ; 21,965 ; 21,917 ; 21,872 ; 21,822 ; 21,779 ; 21,736 ; 21,720 ; 21,676 ; 21,616 ; 21,559 ; 21,517 ; 21,480 ; 21,431 ; 21,396 ; 21,352 ; 
23,648 ; 23,644 ; 23,598 ; 23,562 ; 23,498 ; 23,448 ; 23,435 ; 23,379 ; 23,337 ; 23,268 ; 23,222 ; 23,158 ; 23,106 ; 23,068 ; 23,019 ; 22,970 ; 22,925 ; 22,885 ; 22,833 ; 22,790 ; 22,719 ; 22,687 ; 22,625 ; 22,595 ; 22,532 ; 22,512 ; 22,461 ; 22,399 ; 22,376 ; 22,294 ; 22,276 ; 22,210 ; 22,172 ; 22,124 ; 22,093 ; 22,056 ; 22,021 ; 21,970 ; 21,924 ; 21,903 ; 21,816 ; 21,750 ; 21,654 ; 21,628 ; 21,543 ; 21,462 ; 21,320 ; 21,195 ; 21,126 ; 21,059 ; 
23,760 ; 23,729 ; 23,702 ; 23,631 ; 23,581 ; 23,558 ; 23,535 ; 23,478 ; 23,412 ; 23,360 ; 23,313 ; 23,255 ; 23,218 ; 23,159 ; 23,140 ; 23,091 ; 23,044 ; 23,000 ; 22,922 ; 22,863 ; 22,845 ; 22,771 ; 22,720 ; 22,683 ; 22,653 ; 22,608 ; 22,551 ; 22,501 ; 22,475 ; 22,432 ; 22,331 ; 22,291 ; 22,190 ; 22,149 ; 22,065 ; 21,932 ; 21,800 ; 21,670 ; 21,629 ; 21,542 ; 21,472 ; 21,378 ; 21,332 ; 21,261 ; 21,203 ; 21,150 ; 21,126 ; 21,071 ; 20,967 ; 21,002 ; 
23,898 ; 23,864 ; 23,818 ; 23,784 ; 23,737 ; 23,682 ; 23,620 ; 23,587 ; 23,521 ; 23,472 ; 23,452 ; 23,377 ; 23,357 ; 23,312 ; 23,227 ; 23,203 ; 23,167 ; 23,118 ; 23,031 ; 22,983 ; 22,901 ; 22,809 ; 22,755 ; 22,659 ; 22,588 ; 22,435 ; 22,305 ; 22,207 ; 22,183 ; 22,043 ; 21,959 ; 21,885 ; 21,841 ; 21,788 ; 21,744 ; 21,691 ; 21,673 ; 21,626 ; 21,567 ; 21,519 ; 21,498 ; 21,436 ; 21,412 ; 21,346 ; 21,335 ; 21,274 ; 21,236 ; 21,192 ; 21,160 ; 21,109 ; 
23,974 ; 23,935 ; 23,913 ; 23,876 ; 23,816 ; 23,796 ; 23,747 ; 23,686 ; 23,638 ; 23,616 ; 23,491 ; 23,383 ; 23,318 ; 23,259 ; 23,189 ; 22,998 ; 22,879 ; 22,795 ; 22,743 ; 22,626 ; 22,522 ; 22,437 ; 22,395 ; 22,339 ; 22,282 ; 22,250 ; 22,214 ; 22,159 ; 22,131 ; 22,062 ; 22,003 ; 21,965 ; 21,945 ; 21,871 ; 21,835 ; 21,791 ; 21,761 ; 21,702 ; 21,689 ; 21,613 ; 21,581 ; 21,529 ; 21,518 ; 21,454 ; 21,408 ; 21,378 ; 21,341 ; 21,309 ; 21,242 ; 21,199 ; 
24,049 ; 23,937 ; 23,902 ; 23,868 ; 23,771 ; 23,638 ; 23,514 ; 23,384 ; 23,296 ; 23,220 ; 23,104 ; 23,020 ; 22,998 ; 22,934 ; 22,881 ; 22,793 ; 22,773 ; 22,724 ; 22,655 ; 22,612 ; 22,555 ; 22,518 ; 22,457 ; 22,407 ; 22,371 ; 22,322 ; 22,290 ; 22,228 ; 22,198 ; 22,169 ; 22,124 ; 22,043 ; 22,042 ; 21,972 ; 21,916 ; 21,875 ; 21,858 ; 21,823 ; 21,766 ; 21,702 ; 21,671 ; 21,629 ; 21,601 ; 21,540 ; 21,494 ; 21,470 ; 21,420 ; 21,360 ; 21,313 ; 21,273 ; 
23,639 ; 23,573 ; 23,535 ; 23,509 ; 23,445 ; 23,408 ; 23,337 ; 23,313 ; 23,262 ; 23,192 ; 23,157 ; 23,092 ; 23,050 ; 23,023 ; 22,961 ; 22,898 ; 22,863 ; 22,832 ; 22,761 ; 22,707 ; 22,691 ; 22,601 ; 22,567 ; 22,546 ; 22,467 ; 22,431 ; 22,380 ; 22,331 ; 22,275 ; 22,267 ; 22,216 ; 22,158 ; 22,101 ; 22,063 ; 22,034 ; 21,990 ; 21,920 ; 21,902 ; 21,844 ; 21,786 ; 21,742 ; 21,705 ; 21,669 ; 21,646 ; 21,578 ; 21,543 ; 21,473 ; 21,470 ; 21,436 ; 21,374 ; 
23,699 ; 23,651 ; 23,623 ; 23,575 ; 23,522 ; 23,485 ; 23,437 ; 23,399 ; 23,324 ; 23,300 ; 23,253 ; 23,196 ; 23,152 ; 23,078 ; 23,038 ; 22,985 ; 22,955 ; 22,912 ; 22,836 ; 22,808 ; 22,755 ; 22,694 ; 22,649 ; 22,612 ; 22,545 ; 22,490 ; 22,480 ; 22,405 ; 22,382 ; 22,328 ; 22,269 ; 22,246 ; 22,183 ; 22,130 ; 22,094 ; 22,036 ; 22,011 ; 21,934 ; 21,899 ; 21,862 ; 21,831 ; 21,798 ; 21,732 ; 21,715 ; 21,650 ; 21,602 ; 21,584 ; 21,522 ; 21,493 ; 21,445 ; 
23,776 ; 23,706 ; 23,685 ; 23,620 ; 23,601 ; 23,557 ; 23,513 ; 23,432 ; 23,399 ; 23,355 ; 23,302 ; 23,261 ; 23,207 ; 23,153 ; 23,110 ; 23,062 ; 23,016 ; 22,944 ; 22,914 ; 22,864 ; 22,799 ; 22,774 ; 22,705 ; 22,651 ; 22,630 ; 22,554 ; 22,504 ; 22,489 ; 22,441 ; 22,370 ; 22,336 ; 22,284 ; 22,270 ; 22,204 ; 22,160 ; 22,117 ; 22,080 ; 22,003 ; 22,006 ; 21,927 ; 21,834 ; 21,838 ; 21,828 ; 21,767 ; 21,744 ; 21,672 ; 21,658 ; 21,583 ; 21,570 ; 21,530 ; 
23,772 ; 23,783 ; 23,729 ; 23,684 ; 23,666 ; 23,589 ; 23,527 ; 23,498 ; 23,466 ; 23,433 ; 23,351 ; 23,304 ; 23,275 ; 23,213 ; 23,176 ; 23,138 ; 23,057 ; 23,026 ; 22,969 ; 22,931 ; 22,873 ; 22,818 ; 22,789 ; 22,723 ; 22,706 ; 22,625 ; 22,567 ; 22,544 ; 22,505 ; 22,431 ; 22,420 ; 22,380 ; 22,326 ; 22,287 ; 22,232 ; 22,171 ; 22,137 ; 22,099 ; 22,037 ; 22,021 ; 21,948 ; 21,915 ; 21,883 ; 21,819 ; 21,767 ; 21,733 ; 21,666 ; 21,670 ; 21,624 ; 21,752 ; 
23,863 ; 23,859 ; 23,820 ; 23,769 ; 23,726 ; 23,686 ; 23,635 ; 23,598 ; 23,544 ; 23,500 ; 23,418 ; 23,388 ; 23,314 ; 23,280 ; 23,237 ; 23,179 ; 23,145 ; 23,098 ; 23,034 ; 22,980 ; 22,955 ; 22,872 ; 22,845 ; 22,810 ; 22,753 ; 22,695 ; 22,628 ; 22,585 ; 22,552 ; 22,496 ; 22,454 ; 22,406 ; 22,392 ; 22,340 ; 22,271 ; 22,222 ; 22,178 ; 22,223 ; 22,336 ; 22,481 ; 22,518 ; 22,539 ; 22,508 ; 22,495 ; 22,419 ; 22,380 ; 22,350 ; 22,322 ; 22,248 ; 22,205 ; 
23,920 ; 23,898 ; 23,831 ; 23,790 ; 23,773 ; 23,710 ; 23,661 ; 23,620 ; 23,581 ; 23,516 ; 23,481 ; 23,434 ; 23,367 ; 23,329 ; 23,293 ; 23,215 ; 23,177 ; 23,128 ; 23,089 ; 23,022 ; 22,977 ; 22,930 ; 22,895 ; 22,857 ; 22,816 ; 22,754 ; 22,762 ; 22,860 ; 23,085 ; 23,106 ; 23,097 ; 23,054 ; 23,023 ; 22,964 ; 22,915 ; 22,884 ; 22,824 ; 22,790 ; 22,730 ; 22,718 ; 22,674 ; 22,604 ; 22,582 ; 22,530 ; 22,468 ; 22,447 ; 22,395 ; 22,352 ; 22,313 ; 22,248 ; 
23,994 ; 23,930 ; 23,887 ; 23,853 ; 23,806 ; 23,786 ; 23,736 ; 23,665 ; 23,639 ; 23,584 ; 23,541 ; 23,469 ; 23,430 ; 23,378 ; 23,328 ; 23,314 ; 23,306 ; 23,402 ; 23,654 ; 23,636 ; 23,624 ; 23,580 ; 23,525 ; 23,477 ; 23,437 ; 23,368 ; 23,335 ; 23,283 ; 23,261 ; 23,219 ; 23,167 ; 23,122 ; 23,044 ; 22,989 ; 22,963 ; 22,910 ; 22,861 ; 22,832 ; 22,775 ; 22,735 ; 22,700 ; 22,636 ; 22,599 ; 22,566 ; 22,536 ; 22,468 ; 22,453 ; 22,413 ; 22,364 ; 22,301 ; 
24,041 ; 23,975 ; 23,963 ; 23,916 ; 23,853 ; 23,835 ; 23,858 ; 23,985 ; 24,132 ; 24,186 ; 24,158 ; 24,121 ; 24,114 ; 24,010 ; 24,002 ; 23,920 ; 23,893 ; 23,818 ; 23,782 ; 23,723 ; 23,704 ; 23,620 ; 23,579 ; 23,551 ; 23,476 ; 23,420 ; 23,409 ; 23,337 ; 23,317 ; 23,250 ; 23,209 ; 23,169 ; 23,121 ; 23,057 ; 23,013 ; 22,961 ; 22,914 ; 22,881 ; 22,855 ; 22,789 ; 22,740 ; 22,699 ; 22,656 ; 22,648 ; 22,595 ; 22,528 ; 22,518 ; 22,483 ; 22,428 ; 22,377 ; 
24,689 ; 24,629 ; 24,578 ; 24,525 ; 24,512 ; 24,446 ; 24,407 ; 24,345 ; 24,325 ; 24,267 ; 24,213 ; 24,190 ; 24,118 ; 24,051 ; 24,006 ; 23,986 ; 23,941 ; 23,874 ; 23,831 ; 23,765 ; 23,736 ; 23,661 ; 23,632 ; 23,586 ; 23,541 ; 23,494 ; 23,445 ; 23,244 ; 23,092 ; 23,020 ; 22,741 ; 22,942 ; 23,187 ; 23,117 ; 23,069 ; 23,032 ; 22,989 ; 22,962 ; 22,900 ; 22,879 ; 22,820 ; 22,777 ; 22,706 ; 22,659 ; 22,532 ; 22,474 ; 22,294 ; 22,223 ; 22,156 ; 22,073 ; 
24,700 ; 24,672 ; 24,655 ; 24,603 ; 24,564 ; 24,507 ; 24,465 ; 24,408 ; 24,360 ; 24,317 ; 24,275 ; 24,208 ; 24,193 ; 24,140 ; 24,069 ; 24,034 ; 24,003 ; 23,954 ; 23,881 ; 23,824 ; 23,775 ; 23,748 ; 23,678 ; 23,654 ; 23,612 ; 23,553 ; 23,501 ; 23,455 ; 23,427 ; 23,356 ; 23,316 ; 23,288 ; 23,220 ; 23,114 ; 22,348 ; 21,556 ; 21,694 ; 22,011 ; 22,636 ; 22,573 ; 22,455 ; 22,326 ; 22,261 ; 22,235 ; 22,175 ; 22,162 ; 22,113 ; 22,065 ; 22,012 ; 21,982 ; 
24,820 ; 24,768 ; 24,708 ; 24,686 ; 24,634 ; 24,602 ; 24,544 ; 24,505 ; 24,435 ; 24,408 ; 24,346 ; 24,303 ; 24,239 ; 24,212 ; 24,156 ; 24,121 ; 24,049 ; 24,034 ; 23,978 ; 23,924 ; 23,865 ; 23,810 ; 23,711 ; 23,637 ; 23,491 ; 23,362 ; 23,264 ; 23,224 ; 23,108 ; 23,017 ; 22,943 ; 22,896 ; 22,842 ; 22,803 ; 22,765 ; 22,723 ; 22,655 ; 22,609 ; 22,589 ; 22,546 ; 22,489 ; 22,449 ; 22,393 ; 22,374 ; 22,316 ; 22,293 ; 22,253 ; 22,202 ; 22,147 ; 22,124 ; 
24,977 ; 24,949 ; 24,906 ; 24,843 ; 24,817 ; 24,770 ; 24,738 ; 24,700 ; 24,652 ; 24,542 ; 24,410 ; 24,382 ; 24,278 ; 24,168 ; 24,080 ; 23,898 ; 23,820 ; 23,754 ; 23,648 ; 23,533 ; 23,481 ; 23,406 ; 23,386 ; 23,324 ; 23,279 ; 23,203 ; 23,172 ; 23,148 ; 23,090 ; 23,022 ; 23,011 ; 22,946 ; 22,907 ; 22,852 ; 22,797 ; 22,781 ; 22,720 ; 22,676 ; 22,645 ; 22,609 ; 22,563 ; 22,510 ; 22,455 ; 22,430 ; 22,377 ; 22,352 ; 22,312 ; 22,259 ; 22,233 ; 22,165 ; 
24,922 ; 24,882 ; 24,802 ; 24,753 ; 24,633 ; 24,480 ; 24,358 ; 24,331 ; 24,248 ; 24,109 ; 24,025 ; 23,978 ; 23,938 ; 23,875 ; 23,826 ; 23,782 ; 23,728 ; 23,677 ; 23,631 ; 23,570 ; 23,516 ; 23,467 ; 23,430 ; 23,386 ; 23,344 ; 23,267 ; 23,256 ; 23,215 ; 23,148 ; 23,087 ; 23,057 ; 23,030 ; 22,987 ; 22,936 ; 22,849 ; 22,841 ; 22,779 ; 22,741 ; 22,713 ; 22,658 ; 22,599 ; 22,567 ; 22,520 ; 22,493 ; 22,459 ; 22,414 ; 22,361 ; 22,308 ; 22,290 ; 22,221 ; 
24,558 ; 24,512 ; 24,474 ; 24,441 ; 24,383 ; 24,357 ; 24,304 ; 24,230 ; 24,201 ; 24,143 ; 24,114 ; 24,049 ; 24,000 ; 23,957 ; 23,922 ; 23,855 ; 23,819 ; 23,764 ; 23,708 ; 23,662 ; 23,604 ; 23,571 ; 23,503 ; 23,473 ; 23,409 ; 23,383 ; 23,307 ; 23,296 ; 23,247 ; 23,171 ; 23,124 ; 23,080 ; 23,051 ; 23,017 ; 22,955 ; 22,932 ; 22,881 ; 22,811 ; 22,768 ; 22,754 ; 22,701 ; 22,636 ; 22,596 ; 22,547 ; 22,529 ; 22,486 ; 22,441 ; 22,387 ; 22,337 ; 22,324 ; 
24,627 ; 24,575 ; 24,533 ; 24,508 ; 24,463 ; 24,429 ; 24,391 ; 24,329 ; 24,290 ; 24,223 ; 24,171 ; 24,127 ; 24,065 ; 24,029 ; 24,004 ; 23,933 ; 23,890 ; 23,831 ; 23,765 ; 23,729 ; 23,700 ; 23,625 ; 23,587 ; 23,531 ; 23,491 ; 23,417 ; 23,394 ; 23,363 ; 23,280 ; 23,271 ; 23,209 ; 23,140 ; 23,100 ; 23,051 ; 23,017 ; 22,961 ; 22,921 ; 22,890 ; 22,839 ; 22,806 ; 22,767 ; 22,699 ; 22,686 ; 22,614 ; 22,577 ; 22,561 ; 22,501 ; 22,444 ; 22,412 ; 22,367 ; 
24,664 ; 24,628 ; 24,609 ; 24,560 ; 24,502 ; 24,478 ; 24,431 ; 24,362 ; 24,341 ; 24,291 ; 24,239 ; 24,181 ; 24,147 ; 24,091 ; 24,040 ; 23,991 ; 23,935 ; 23,871 ; 23,821 ; 23,763 ; 23,724 ; 23,681 ; 23,622 ; 23,584 ; 23,558 ; 23,512 ; 23,437 ; 23,381 ; 23,351 ; 23,293 ; 23,259 ; 23,226 ; 23,166 ; 23,109 ; 23,087 ; 23,029 ; 22,999 ; 22,934 ; 22,888 ; 22,871 ; 22,798 ; 22,759 ; 22,731 ; 22,673 ; 22,632 ; 22,603 ; 22,560 ; 22,498 ; 22,487 ; 22,444 ; 
24,745 ; 24,690 ; 24,641 ; 24,602 ; 24,574 ; 24,511 ; 24,471 ; 24,426 ; 24,360 ; 24,308 ; 24,260 ; 24,233 ; 24,181 ; 24,116 ; 24,045 ; 24,031 ; 23,971 ; 23,901 ; 23,878 ; 23,791 ; 23,800 ; 23,737 ; 23,669 ; 23,618 ; 23,590 ; 23,531 ; 23,490 ; 23,433 ; 23,409 ; 23,337 ; 23,329 ; 23,265 ; 23,239 ; 23,152 ; 23,148 ; 23,110 ; 23,049 ; 22,974 ; 22,968 ; 22,896 ; 22,864 ; 22,828 ; 22,791 ; 22,725 ; 22,698 ; 22,656 ; 22,583 ; 22,570 ; 22,540 ; 22,559 ; 
24,778 ; 24,731 ; 24,690 ; 24,664 ; 24,624 ; 24,597 ; 24,530 ; 24,489 ; 24,434 ; 24,386 ; 24,345 ; 24,276 ; 24,255 ; 24,205 ; 24,128 ; 24,101 ; 24,052 ; 24,009 ; 23,961 ; 23,918 ; 23,844 ; 23,791 ; 23,769 ; 23,711 ; 23,672 ; 23,611 ; 23,553 ; 23,510 ; 23,466 ; 23,445 ; 23,388 ; 23,349 ; 23,274 ; 23,253 ; 23,214 ; 23,141 ; 23,102 ; 23,072 ; 23,094 ; 23,296 ; 23,443 ; 23,452 ; 23,442 ; 23,381 ; 23,328 ; 23,298 ; 23,268 ; 23,224 ; 23,139 ; 23,116 ; 
24,811 ; 24,776 ; 24,763 ; 24,689 ; 24,652 ; 24,633 ; 24,569 ; 24,525 ; 24,468 ; 24,452 ; 24,401 ; 24,327 ; 24,308 ; 24,255 ; 24,202 ; 24,163 ; 24,096 ; 24,024 ; 23,994 ; 23,961 ; 23,906 ; 23,849 ; 23,809 ; 23,740 ; 23,697 ; 23,668 ; 23,651 ; 23,691 ; 23,798 ; 23,973 ; 23,978 ; 23,968 ; 23,920 ; 23,899 ; 23,853 ; 23,803 ; 23,764 ; 23,692 ; 23,668 ; 23,620 ; 23,575 ; 23,535 ; 23,472 ; 23,439 ; 23,378 ; 23,342 ; 23,310 ; 23,267 ; 23,231 ; 23,165 ; 
24,892 ; 24,844 ; 24,832 ; 24,757 ; 24,721 ; 24,671 ; 24,618 ; 24,567 ; 24,523 ; 24,502 ; 24,463 ; 24,390 ; 24,329 ; 24,310 ; 24,247 ; 24,221 ; 24,176 ; 24,232 ; 24,325 ; 24,539 ; 24,547 ; 24,486 ; 24,464 ; 24,385 ; 24,345 ; 24,299 ; 24,251 ; 24,214 ; 24,169 ; 24,128 ; 24,083 ; 24,042 ; 23,984 ; 23,929 ; 23,875 ; 23,835 ; 23,803 ; 23,743 ; 23,702 ; 23,659 ; 23,607 ; 23,579 ; 23,521 ; 23,482 ; 23,451 ; 23,381 ; 23,344 ; 23,287 ; 23,268 ; 23,228 ; 
24,924 ; 24,885 ; 24,845 ; 24,841 ; 24,775 ; 24,723 ; 24,698 ; 24,729 ; 24,867 ; 25,035 ; 25,059 ; 25,059 ; 25,017 ; 24,954 ; 24,905 ; 24,835 ; 24,802 ; 24,738 ; 24,688 ; 24,656 ; 24,586 ; 24,532 ; 24,519 ; 24,441 ; 24,392 ; 24,355 ; 24,321 ; 24,251 ; 24,227 ; 24,183 ; 24,131 ; 24,082 ; 24,041 ; 23,994 ; 23,954 ; 23,876 ; 23,850 ; 23,789 ; 23,740 ; 23,712 ; 23,665 ; 23,626 ; 23,568 ; 23,558 ; 23,484 ; 23,453 ; 23,428 ; 23,359 ; 23,339 ; 23,310 ; 
25,574 ; 25,498 ; 25,451 ; 25,420 ; 25,402 ; 25,347 ; 25,331 ; 25,261 ; 25,224 ; 25,179 ; 25,126 ; 25,076 ; 25,016 ; 24,990 ; 24,918 ; 24,885 ; 24,832 ; 24,799 ; 24,732 ; 24,692 ; 24,653 ; 24,600 ; 24,539 ; 24,484 ; 24,443 ; 24,401 ; 24,360 ; 24,327 ; 24,273 ; 24,199 ; 24,181 ; 24,128 ; 24,070 ; 24,029 ; 23,978 ; 23,965 ; 23,914 ; 23,871 ; 23,801 ; 23,783 ; 23,717 ; 23,694 ; 23,595 ; 23,502 ; 23,475 ; 23,299 ; 23,234 ; 23,138 ; 23,093 ; 22,973 ; 
25,644 ; 25,604 ; 25,572 ; 25,516 ; 25,466 ; 25,406 ; 25,366 ; 25,323 ; 25,296 ; 25,247 ; 25,162 ; 25,119 ; 25,075 ; 25,038 ; 24,977 ; 24,931 ; 24,881 ; 24,831 ; 24,806 ; 24,759 ; 24,703 ; 24,634 ; 24,580 ; 24,550 ; 24,499 ; 24,447 ; 24,396 ; 24,384 ; 24,311 ; 24,274 ; 24,226 ; 24,194 ; 24,129 ; 24,036 ; 23,882 ; 23,740 ; 23,649 ; 23,605 ; 23,541 ; 23,470 ; 23,353 ; 23,316 ; 23,293 ; 23,194 ; 23,154 ; 23,134 ; 23,089 ; 23,029 ; 23,006 ; 22,967 ; 
25,831 ; 25,776 ; 25,754 ; 25,715 ; 25,638 ; 25,613 ; 25,580 ; 25,507 ; 25,488 ; 25,450 ; 25,387 ; 25,351 ; 25,270 ; 25,237 ; 25,167 ; 25,111 ; 25,088 ; 25,027 ; 24,934 ; 24,819 ; 24,764 ; 24,686 ; 24,621 ; 24,519 ; 24,365 ; 24,259 ; 24,164 ; 24,123 ; 23,998 ; 23,883 ; 23,847 ; 23,790 ; 23,749 ; 23,716 ; 23,659 ; 23,604 ; 23,582 ; 23,524 ; 23,465 ; 23,442 ; 23,379 ; 23,334 ; 23,308 ; 23,270 ; 23,215 ; 23,170 ; 23,134 ; 23,094 ; 23,077 ; 23,008 ; 
25,880 ; 25,843 ; 25,815 ; 25,779 ; 25,719 ; 25,665 ; 25,617 ; 25,601 ; 25,546 ; 25,415 ; 25,328 ; 25,273 ; 25,169 ; 25,109 ; 24,935 ; 24,812 ; 24,713 ; 24,652 ; 24,524 ; 24,426 ; 24,376 ; 24,336 ; 24,267 ; 24,201 ; 24,177 ; 24,115 ; 24,094 ; 24,027 ; 24,000 ; 23,949 ; 23,902 ; 23,864 ; 23,797 ; 23,778 ; 23,731 ; 23,697 ; 23,623 ; 23,580 ; 23,539 ; 23,491 ; 23,476 ; 23,427 ; 23,374 ; 23,347 ; 23,307 ; 23,241 ; 23,204 ; 23,158 ; 23,141 ; 23,106 ; 
25,848 ; 25,772 ; 25,736 ; 25,638 ; 25,540 ; 25,396 ; 25,288 ; 25,199 ; 25,142 ; 25,044 ; 24,939 ; 24,876 ; 24,817 ; 24,776 ; 24,711 ; 24,673 ; 24,624 ; 24,580 ; 24,545 ; 24,477 ; 24,427 ; 24,401 ; 24,339 ; 24,296 ; 24,225 ; 24,200 ; 24,144 ; 24,108 ; 24,047 ; 24,022 ; 23,974 ; 23,943 ; 23,868 ; 23,820 ; 23,807 ; 23,742 ; 23,692 ; 23,650 ; 23,612 ; 23,568 ; 23,545 ; 23,506 ; 23,459 ; 23,399 ; 23,369 ; 23,325 ; 23,275 ; 23,226 ; 23,198 ; 23,135 ; 
25,468 ; 25,412 ; 25,346 ; 25,302 ; 25,295 ; 25,235 ; 25,179 ; 25,143 ; 25,080 ; 25,038 ; 25,009 ; 24,936 ; 24,904 ; 24,848 ; 24,817 ; 24,756 ; 24,701 ; 24,661 ; 24,607 ; 24,553 ; 24,500 ; 24,468 ; 24,398 ; 24,353 ; 24,342 ; 24,286 ; 24,219 ; 24,192 ; 24,121 ; 24,096 ; 24,045 ; 24,005 ; 23,963 ; 23,901 ; 23,847 ; 23,798 ; 23,753 ; 23,704 ; 23,680 ; 23,592 ; 23,594 ; 23,555 ; 23,509 ; 23,464 ; 23,418 ; 23,350 ; 23,319 ; 23,275 ; 23,239 ; 23,219 ; 
25,506 ; 25,450 ; 25,454 ; 25,391 ; 25,363 ; 25,286 ; 25,248 ; 25,227 ; 25,151 ; 25,124 ; 25,057 ; 25,013 ; 24,976 ; 24,924 ; 24,881 ; 24,800 ; 24,777 ; 24,762 ; 24,701 ; 24,629 ; 24,586 ; 24,538 ; 24,469 ; 24,444 ; 24,394 ; 24,323 ; 24,302 ; 24,250 ; 24,205 ; 24,162 ; 24,108 ; 24,040 ; 24,012 ; 23,979 ; 23,908 ; 23,871 ; 23,834 ; 23,794 ; 23,746 ; 23,686 ; 23,668 ; 23,611 ; 23,573 ; 23,508 ; 23,494 ; 23,449 ; 23,409 ; 23,350 ; 23,328 ; 23,252 ; 
25,553 ; 25,530 ; 25,506 ; 25,455 ; 25,393 ; 25,365 ; 25,308 ; 25,285 ; 25,210 ; 25,160 ; 25,095 ; 25,072 ; 25,020 ; 24,997 ; 24,917 ; 24,897 ; 24,837 ; 24,756 ; 24,719 ; 24,673 ; 24,651 ; 24,610 ; 24,521 ; 24,492 ; 24,425 ; 24,370 ; 24,336 ; 24,294 ; 24,256 ; 24,183 ; 24,144 ; 24,125 ; 24,059 ; 24,014 ; 23,985 ; 23,945 ; 23,889 ; 23,829 ; 23,800 ; 23,764 ; 23,717 ; 23,649 ; 23,635 ; 23,581 ; 23,547 ; 23,488 ; 23,454 ; 23,402 ; 23,386 ; 23,334 ; 
25,634 ; 25,573 ; 25,552 ; 25,484 ; 25,466 ; 25,411 ; 25,378 ; 25,321 ; 25,286 ; 25,217 ; 25,169 ; 25,132 ; 25,084 ; 25,019 ; 24,978 ; 24,912 ; 24,891 ; 24,823 ; 24,781 ; 24,728 ; 24,665 ; 24,612 ; 24,604 ; 24,520 ; 24,486 ; 24,464 ; 24,390 ; 24,345 ; 24,298 ; 24,256 ; 24,229 ; 24,156 ; 24,128 ; 24,066 ; 24,051 ; 23,985 ; 23,945 ; 23,883 ; 23,858 ; 23,818 ; 23,777 ; 23,722 ; 23,678 ; 23,632 ; 23,613 ; 23,574 ; 23,607 ; 23,869 ; 23,971 ; 23,949 ; 
25,693 ; 25,634 ; 25,578 ; 25,541 ; 25,501 ; 25,442 ; 25,399 ; 25,374 ; 25,272 ; 25,279 ; 25,229 ; 25,169 ; 25,105 ; 25,072 ; 25,031 ; 24,958 ; 24,937 ; 24,873 ; 24,841 ; 24,787 ; 24,746 ; 24,671 ; 24,654 ; 24,605 ; 24,530 ; 24,481 ; 24,465 ; 24,397 ; 24,382 ; 24,323 ; 24,274 ; 24,212 ; 24,162 ; 24,115 ; 24,152 ; 24,248 ; 24,411 ; 24,475 ; 24,483 ; 24,449 ; 24,420 ; 24,361 ; 24,306 ; 24,248 ; 24,245 ; 24,184 ; 24,121 ; 24,094 ; 24,035 ; 23,992 ; 
25,701 ; 25,680 ; 25,646 ; 25,590 ; 25,559 ; 25,494 ; 25,444 ; 25,413 ; 25,384 ; 25,334 ; 25,261 ; 25,204 ; 25,180 ; 25,125 ; 25,084 ; 25,021 ; 24,994 ; 24,930 ; 24,892 ; 24,832 ; 24,760 ; 24,714 ; 24,694 ; 24,647 ; 24,737 ; 24,905 ; 24,985 ; 25,011 ; 25,001 ; 24,953 ; 24,912 ; 24,863 ; 24,814 ; 24,765 ; 24,722 ; 24,683 ; 24,627 ; 24,562 ; 24,547 ; 24,480 ; 24,452 ; 24,379 ; 24,372 ; 24,311 ; 24,263 ; 24,238 ; 24,198 ; 24,157 ; 24,071 ; 24,051 ; 
25,758 ; 25,712 ; 25,703 ; 25,632 ; 25,593 ; 25,552 ; 25,517 ; 25,454 ; 25,402 ; 25,384 ; 25,321 ; 25,286 ; 25,236 ; 25,231 ; 25,304 ; 25,407 ; 25,537 ; 25,559 ; 25,506 ; 25,470 ; 25,435 ; 25,372 ; 25,307 ; 25,301 ; 25,215 ; 25,201 ; 25,121 ; 25,089 ; 25,017 ; 24,995 ; 24,935 ; 24,915 ; 24,855 ; 24,786 ; 24,768 ; 24,708 ; 24,688 ; 24,628 ; 24,593 ; 24,542 ; 24,493 ; 24,445 ; 24,409 ; 24,352 ; 24,306 ; 24,281 ; 24,216 ; 24,186 ; 24,135 ; 24,089 ; 
25,841 ; 25,801 ; 25,750 ; 25,719 ; 25,751 ; 25,838 ; 26,014 ; 26,093 ; 26,075 ; 26,007 ; 25,988 ; 25,922 ; 25,858 ; 25,801 ; 25,774 ; 25,702 ; 25,647 ; 25,609 ; 25,574 ; 25,504 ; 25,460 ; 25,412 ; 25,364 ; 25,322 ; 25,284 ; 25,217 ; 25,185 ; 25,126 ; 25,060 ; 25,043 ; 24,986 ; 24,937 ; 24,875 ; 24,855 ; 24,790 ; 24,753 ; 24,721 ; 24,659 ; 24,633 ; 24,560 ; 24,548 ; 24,472 ; 24,441 ; 24,417 ; 24,347 ; 24,329 ; 24,261 ; 24,226 ; 24,192 ; 24,149 ; 
26,443 ; 26,386 ; 26,381 ; 26,314 ; 26,269 ; 26,215 ; 26,191 ; 26,153 ; 26,067 ; 26,028 ; 25,976 ; 25,954 ; 25,876 ; 25,831 ; 25,798 ; 25,752 ; 25,688 ; 25,641 ; 25,573 ; 25,530 ; 25,513 ; 25,421 ; 25,372 ; 25,325 ; 25,315 ; 25,270 ; 25,211 ; 25,163 ; 25,145 ; 25,080 ; 25,009 ; 24,992 ; 24,924 ; 24,892 ; 24,854 ; 24,814 ; 24,756 ; 24,731 ; 24,688 ; 24,592 ; 24,541 ; 24,502 ; 24,439 ; 24,331 ; 24,216 ; 24,095 ; 24,002 ; 23,933 ; 23,910 ; 23,746 ; 
26,485 ; 26,438 ; 26,407 ; 26,333 ; 26,283 ; 26,247 ; 26,197 ; 26,153 ; 26,128 ; 26,055 ; 26,026 ; 25,972 ; 25,933 ; 25,873 ; 25,804 ; 25,782 ; 25,738 ; 25,664 ; 25,636 ; 25,591 ; 25,550 ; 25,497 ; 25,449 ; 25,399 ; 25,359 ; 25,289 ; 25,236 ; 25,206 ; 25,192 ; 25,092 ; 25,060 ; 24,978 ; 24,910 ; 24,783 ; 24,678 ; 24,520 ; 24,456 ; 24,425 ; 24,310 ; 24,214 ; 24,164 ; 24,123 ; 24,073 ; 24,025 ; 23,293 ; 23,944 ; 23,910 ; 23,861 ; 23,819 ; 23,764 ; 
26,634 ; 26,616 ; 26,567 ; 26,522 ; 26,485 ; 26,409 ; 26,364 ; 26,320 ; 26,303 ; 26,256 ; 26,197 ; 26,155 ; 26,074 ; 26,025 ; 26,011 ; 25,957 ; 25,914 ; 25,860 ; 25,736 ; 25,636 ; 25,549 ; 25,504 ; 25,417 ; 25,292 ; 25,129 ; 25,019 ; 24,974 ; 24,876 ; 24,764 ; 24,704 ; 24,667 ; 24,585 ; 24,563 ; 24,512 ; 24,447 ; 24,402 ; 24,397 ; 24,319 ; 24,266 ; 24,250 ; 24,206 ; 24,165 ; 24,104 ; 24,071 ; 23,979 ; 23,984 ; 23,973 ; 23,926 ; 23,863 ; 23,838 ; 
26,705 ; 26,652 ; 26,614 ; 26,589 ; 26,540 ; 26,465 ; 26,440 ; 26,401 ; 26,272 ; 26,198 ; 26,121 ; 26,060 ; 25,963 ; 25,872 ; 25,726 ; 25,565 ; 25,512 ; 25,454 ; 25,347 ; 25,239 ; 25,175 ; 25,113 ; 25,054 ; 25,005 ; 24,982 ; 24,943 ; 24,862 ; 24,851 ; 24,788 ; 24,763 ; 24,727 ; 24,664 ; 24,604 ; 24,579 ; 24,533 ; 24,466 ; 24,425 ; 24,401 ; 24,362 ; 24,306 ; 24,265 ; 24,210 ; 24,174 ; 24,156 ; 24,082 ; 24,047 ; 24,022 ; 23,987 ; 23,936 ; 23,883 ; 
26,620 ; 26,599 ; 26,536 ; 26,444 ; 26,314 ; 26,141 ; 26,082 ; 26,017 ; 25,897 ; 25,780 ; 25,721 ; 25,678 ; 25,619 ; 25,560 ; 25,507 ; 25,463 ; 25,439 ; 25,384 ; 25,332 ; 25,283 ; 25,237 ; 25,160 ; 25,135 ; 25,069 ; 25,020 ; 24,973 ; 24,948 ; 24,910 ; 24,845 ; 24,801 ; 24,766 ; 24,735 ; 24,685 ; 24,623 ; 24,597 ; 24,553 ; 24,493 ; 24,462 ; 24,409 ; 24,372 ; 24,341 ; 24,287 ; 24,250 ; 24,194 ; 24,135 ; 24,100 ; 24,070 ; 24,014 ; 23,965 ; 23,947 ; 
26,273 ; 26,217 ; 26,161 ; 26,142 ; 26,077 ; 26,044 ; 25,977 ; 25,947 ; 25,885 ; 25,858 ; 25,785 ; 25,733 ; 25,709 ; 25,646 ; 25,625 ; 25,577 ; 25,499 ; 25,443 ; 25,426 ; 25,378 ; 25,308 ; 25,286 ; 25,216 ; 25,197 ; 25,120 ; 25,097 ; 25,010 ; 24,999 ; 24,933 ; 24,916 ; 24,868 ; 24,815 ; 24,768 ; 24,720 ; 24,704 ; 24,619 ; 24,557 ; 24,523 ; 24,431 ; 24,460 ; 24,411 ; 24,351 ; 24,340 ; 24,253 ; 24,253 ; 24,175 ; 24,141 ; 24,112 ; 24,052 ; 24,008 ; 
26,322 ; 26,281 ; 26,244 ; 26,191 ; 26,132 ; 26,103 ; 26,037 ; 26,018 ; 25,940 ; 25,892 ; 25,868 ; 25,803 ; 25,762 ; 25,732 ; 25,659 ; 25,622 ; 25,579 ; 25,473 ; 25,461 ; 25,429 ; 25,389 ; 25,345 ; 25,285 ; 25,233 ; 25,172 ; 25,121 ; 25,086 ; 25,022 ; 25,008 ; 24,923 ; 24,913 ; 24,850 ; 24,817 ; 24,768 ; 24,721 ; 24,659 ; 24,622 ; 24,590 ; 24,518 ; 24,494 ; 24,459 ; 24,422 ; 24,379 ; 24,306 ; 24,276 ; 24,225 ; 24,183 ; 24,153 ; 24,094 ; 24,080 ; 
26,383 ; 26,339 ; 26,289 ; 26,259 ; 26,211 ; 26,148 ; 26,122 ; 26,045 ; 26,007 ; 25,972 ; 25,934 ; 25,890 ; 25,816 ; 25,785 ; 25,724 ; 25,680 ; 25,636 ; 25,566 ; 25,512 ; 25,461 ; 25,407 ; 25,371 ; 25,314 ; 25,271 ; 25,239 ; 25,192 ; 25,124 ; 25,075 ; 25,023 ; 25,007 ; 24,955 ; 24,913 ; 24,870 ; 24,829 ; 24,781 ; 24,732 ; 24,701 ; 24,630 ; 24,612 ; 24,549 ; 24,520 ; 24,472 ; 24,443 ; 24,372 ; 24,324 ; 24,276 ; 24,257 ; 24,201 ; 24,183 ; 24,119 ; 
